Product Name,1 Kg,500 g,250 g,100 g,50 g,25 g,Category
1 MILLION,5500,2750,1375,575,300,155,Designer
1 MILLION ELIXIR,10500,5250,2625,1075,550,280,Designer
1 MILLION LUCKY,8250,4125,2063,850,438,225,Designer
1 MILLION LUCKY HI,7250,3625,1813,750,388,200,Designer
1 MILLION PRIVE,6000,3000,1500,625,325,170,Designer
1 MILLION STRONG,7500,3750,1875,775,400,205,Designer
1001 NIGHT,4500,2250,1125,475,250,130,Ajmal
1001 NIGHT STRONG,22500,11250,5625,2275,1150,580,Ajmal
212 HEROES,6750,3375,1688,700,363,185,Designer
212 VIP W,6000,3000,1500,625,325,170,Designer
24 CARAT,6500,3250,1625,675,350,180,Designer
24 CARAT HM,6000,3000,1500,625,325,170,Designer
40 KNOTS,9250,4625,2313,950,488,250,Designer
ACCENTO,16000,8000,4000,1625,825,420,Designer
AFFLUENT,4750,2375,1188,500,263,135,Designer
AFSHAAN,10500,5250,2625,1075,550,280,Designer
AFTERNOON SWIM HD,13250,6625,3313,1350,688,350,Designer
AFTERNOON SWIM HG,32000,16000,8000,3225,1625,820,Designer
AFTERNOON SWIM HH,29250,14625,7313,2950,1488,750,Designer
AFTERNOON SWIM HI,24000,12000,6000,2425,1225,620,Designer
AJMAL BLUE,6000,3000,1500,625,325,170,Ajmal
AJWAD,21250,10625,5313,2150,1088,550,Ajmal
AJWAD HH,10500,5250,2625,1075,550,280,Ajmal
AL WISAM,6000,3000,1500,625,325,170,Ajmal
AL WISAM SUPER,26250,13125,6563,2650,1338,675,Ajmal
ALHAMD,4500,2250,1125,475,250,130,Designer
ALINA,17500,8750,4375,1775,900,455,Designer
ALTHAIR,10500,5250,2625,1075,550,280,Designer
AMARIGE W,5000,2500,1250,525,275,145,Designer
AMATHEEL,10500,5250,2625,1075,550,280,Designer
AMBER FRESH,8000,4000,2000,825,425,220,Arabian
AMBER OUDH,4750,2375,1188,500,263,135,Arabian
AMBER RIJALI,29250,14625,7313,2950,1488,750,Ajmal
AMBER ROSE,24000,12000,6000,2425,1225,620,Indian
AMBER WOOD HI,7000,3500,1750,725,375,195,Arabian
AMBER ZAFRAN,26500,13250,6625,2675,1350,680,Arabian
AMBERWOOD,16000,8000,4000,1625,825,420,Arabian
AMBITION,12000,6000,3000,1225,625,320,Designer
AMEER AL OUD,5500,2750,1375,575,300,155,Arabian
AMEER AL OUDH NEW,5000,2500,1250,525,275,145,Arabian
AMEERAL OUD,8750,4375,2188,900,463,235,Arabian
AMEERAT AL ARAB,10500,5250,2625,1075,550,280,Designer
ANGEL'S SHARE,17250,8625,4313,1750,888,450,Designer
ANI EXTRAIT,8500,4250,2125,875,450,230,Designer
AQUA ALLEGORIA TEAZURRA,16000,8000,4000,1625,825,420,Designer
ARABIAN NIGHTS,6500,3250,1625,675,350,180,Designer
ARABIAN OUD,7500,3750,1875,775,400,205,Arabian
ARABIAN TONKA,13250,6625,3313,1350,688,350,Designer
ARABIAN TONKA HI,6250,3125,1563,650,338,175,Designer
ARBA WARDAT HM,8000,4000,2000,825,425,220,Designer
ARISTOCRAT,5750,2875,1438,600,313,160,Designer
ARMANI AQUA DI GIO,4250,2125,1063,450,238,125,Designer
ARMANI CODE,4000,2000,1000,425,225,120,Designer
ARMANI MEN,12500,6250,3125,1275,650,330,Designer
ARMANI PASSION,8000,4000,2000,825,425,220,Designer
ASAD,12000,6000,3000,1225,625,320,Designer
ASEEL HA,6000,3000,1500,625,325,170,Designer
ASEEL HI,4500,2250,1125,475,250,130,Designer
ASEEL HM,9250,4625,2313,950,488,250,Designer
ASEEL STRONG,7250,3625,1813,750,388,200,Designer
ATOOF,18500,9250,4625,1875,950,480,Designer
ATTAR AL KAABA,6000,3000,1500,625,325,170,Designer
ATTAR HINA,2000,1000,500,225,125,70,Indian
ATTAR MITTI,9250,4625,2313,950,488,250,Indian
ATTAR MITTI S,18500,9250,4625,1875,950,480,Indian
ATTAR PARIJATAK,4500,2250,1125,475,250,130,Designer
ATTAR ZAFRAN SUPER,40000,20000,10000,4025,2025,1020,Designer
ATTAR ZAFRAN SYN,8000,4000,2000,825,425,220,Designer
ATTARFULL (AHSAN),3250,1625,813,350,188,100,Designer
AURUM,12000,6000,3000,1225,625,320,Designer
AVENTUS,4750,2375,1188,500,263,135,Designer
AVENTUS STRONG,5750,2875,1438,600,313,160,Designer
AVENUE,20000,10000,5000,2025,1025,520,Designer
AXE CHOCOLATE,4750,2375,1188,500,263,135,Designer
AZZARO LAVENDER,5250,2625,1313,550,288,150,Designer
AZZARO MOST WANTED,7250,3625,1813,750,388,200,Designer
AZZARO MOST WANTED HH,8750,4375,2188,900,463,235,Designer
AZZARO MOST WANTED HI,6500,3250,1625,675,350,180,Designer
BACCARAT ROUGE 540,8500,4250,2125,875,450,230,Designer
BACCARAT ROUGE 540 TS,19250,9625,4813,1950,988,500,Designer
BAD BOY COBALT,10000,5000,2500,1025,525,270,Designer
BAD BOY HI,7000,3500,1750,725,375,195,Designer
BADEE AL OUD,18500,9250,4625,1875,950,480,Arabian
BAKHOOR,5250,2625,1313,550,288,150,Designer
BALMAIN PARIS,6500,3250,1625,675,350,180,Designer
BEARDO WISKY SMOKE,8000,4000,2000,825,425,220,Designer
BELLAVITA CEO MAN,6750,3375,1688,700,363,185,Designer
BELLAVITA GLAM,8750,4375,2188,900,463,235,Designer
BELLAVITA GOAT,8750,4375,2188,900,463,235,Designer
BELLAVITA GOLD OUD,7000,3500,1750,725,375,195,Arabian
HONEY OUD,9500,4750,2375,975,500,255,Arabian
BELLAVITA KLUB,12500,6250,3125,1275,650,330,Designer
OCEAN BLUE,10000,5000,2500,1025,525,270,Designer
BELLAVITA TRYST,10500,5250,2625,1075,550,280,Designer
BELLIE EILISH EILISH,10500,5250,2625,1075,550,280,Designer
BIDUN ESAM,26500,13250,6625,2675,1350,680,Designer
BIN SHEIKH,21250,10625,5313,2150,1088,550,Arabian
BIN SHEIKH HN,16000,8000,4000,1625,825,420,Arabian
BIN SHIEKH HH,13250,6625,3313,1350,688,350,Arabian
BLACK AFGANO,16000,8000,4000,1625,825,420,Designer
BLACK MUSK,24000,12000,6000,2425,1225,620,Designer
BLACK ORCHID,8000,4000,2000,825,425,220,Designer
BLACK ORCHID W HH,7250,3625,1813,750,388,200,Designer
BLACK OUD (MF),24500,12250,6125,2475,1250,630,Arabian
BLACK OUD BCH,9250,4625,2313,950,488,250,Arabian
BLACK OUD KT,19250,9625,4813,1950,988,500,Arabian
BLACK OUD(S),20000,10000,5000,2025,1025,520,Arabian
BLACK ROSE,5500,2750,1375,575,300,155,Indian
BLACK STONE,5250,2625,1313,550,288,150,Designer
BLACK VANILLA,8000,4000,2000,825,425,220,Designer
BLACK XS,4500,2250,1125,475,250,130,Designer
BLACK ZX,6250,3125,1563,650,338,175,Designer
BLOSSOM,6500,3250,1625,675,350,180,Designer
BLUE DEO,5250,2625,1313,550,288,150,Designer
BLUE LADY,4000,2000,1000,425,225,120,Designer
BLUE MOON,8000,4000,2000,825,425,220,Designer
BLUE MUSK,9250,4625,2313,950,488,250,Designer
BLUE OUD,11500,5750,2875,1175,600,305,Arabian
BLUE OUD HH,10500,5250,2625,1075,550,280,Arabian
BLUE OUD S,26500,13250,6625,2675,1350,680,Arabian
BLUE WAVE,4000,2000,1000,425,225,120,Designer
BOMBSHELL,4000,2000,1000,425,225,120,Designer
BRAZILIAN CRUSH,8000,4000,2000,825,425,220,Designer
BRIGHT CRSYTAL,5250,2625,1313,550,288,150,Designer
BRUT HN,3500,1750,875,375,200,105,Designer
BRYAN & CANDY SENSUAL,5250,2625,1313,550,288,150,Designer
BURBERRY HER,8000,4000,2000,825,425,220,Designer
BURBERRY HERO,8000,4000,2000,825,425,220,Designer
BURBERRY LONDON,3250,1625,813,350,188,100,Designer
BURBERRY MY BURBERRY,6500,3250,1625,675,350,180,Designer
BURBERRY WEEKEND,3000,1500,750,325,175,95,Designer
BVLGARI AQUA,5250,2625,1313,550,288,150,Designer
BVLGARI FALKAR,16000,8000,4000,1625,825,420,Designer
BVLGARI MAN IN BLACK,10500,5250,2625,1075,550,280,Designer
BVLGARI TYGAR,24000,12000,6000,2425,1225,620,Designer
BY THE FIRE PLACE,8000,4000,2000,825,425,220,Designer
CAFE INTENSE,8000,4000,2000,825,425,220,Designer
CAFE ROSE,12000,6000,3000,1225,625,320,Indian
CANDY AOUD,13250,6625,3313,1350,688,350,Arabian
CARAMEL OUD,18500,9250,4625,1875,950,480,Arabian
CARAMEL OUD S,46500,23250,11625,4675,2350,1180,Arabian
CERRUTI,5500,2750,1375,575,300,155,Designer
CHANDAN KESAR,3500,1750,875,375,200,105,Designer
CHANEL ALLURE SPORT,6500,3250,1625,675,350,180,Designer
CHANEL BLUE DE CHANEL,5250,2625,1313,550,288,150,Designer
CHANEL COCO CHANEL,4750,2375,1188,500,263,135,Designer
CHANEL NO.5 HH,7000,3500,1750,725,375,195,Designer
CHANEL NO.5 HI,5000,2500,1250,525,275,145,Designer
CHOCO MUSK,2000,1000,500,225,125,70,Designer
CHOCO MUSK HM,4250,2125,1063,450,238,125,Designer
CHOCO MUSK STRONG,2500,1250,625,275,150,80,Designer
CHOPARD BLACK INCENSE MALAKI,10500,5250,2625,1075,550,280,Designer
CHOPARD OUD MALIKI,10500,5250,2625,1075,550,280,Arabian
CK 1,4750,2375,1188,500,263,135,Designer
CLINIQUE HAPPY,8000,4000,2000,825,425,220,Designer
CLUB DE NUIT MAN,4750,2375,1188,500,263,135,Designer
CLUB DE NUIT WOMEN,5000,2500,1250,525,275,145,Designer
COCO CHOCOLATE,2250,1125,563,250,138,75,Designer
COCONUT PASSION,6500,3250,1625,675,350,180,Designer
COOL WATER MEN,5000,2500,1250,525,275,145,Designer
COOL WATER WOMEN,5000,2500,1250,525,275,145,Designer
CR 7,6250,3125,1563,650,338,175,Designer
CRYSTAL NOIR,8000,4000,2000,825,425,220,Designer
D&G DEVOTION,9250,4625,2313,950,488,250,Designer
D&G LIGHT BLUE,4250,2125,1063,450,238,125,Designer
D&G THE K,9250,4625,2313,950,488,250,Designer
D&G THE ONE HG,5250,2625,1313,550,288,150,Designer
DARBAR,4250,2125,1063,450,238,125,Designer
DAREEJ,10000,5000,2500,1025,525,270,Designer
DAREEJ HI,5750,2875,1438,600,313,160,Designer
DEHNUL OUD ABYAD,18500,9250,4625,1875,950,480,Arabian
DEHNUL OUD ABYAD HH,13250,6625,3313,1350,688,350,Arabian
DEHNUL OUD GHALIB,8000,4000,2000,825,425,220,Arabian
DEHNUL OUD NA,53250,26625,13313,5350,2688,1350,Arabian
DEHNUL OUD PURE,2000000,1000000,500000,200025,100025,50020,Arabian
DEHNUL OUD18,24000,12000,6000,2425,1225,620,Arabian
DEHNUL OUD2,1600000,800000,400000,160025,80025,40020,Arabian
DEHNUL OUD3,1333250,666625,333313,133350,66688,33350,Arabian
DEHNUL OUD4,1066500,533250,266625,106675,53350,26680,Arabian
DELINA,16000,8000,4000,1625,825,420,Designer
DELINA HH,9250,4625,2313,950,488,250,Designer
DIRHAM,3500,1750,875,375,200,105,Designer
DOVE,2250,1125,563,250,138,75,Designer
DOVE HM,3500,1750,875,375,200,105,Designer
DUBAI GOLD,8000,4000,2000,825,425,220,Designer
DUNHILL DESIRE BLUE,6500,3250,1625,675,350,180,Designer
DUNHILL DESIRE RED,7250,3625,1813,750,388,200,Designer
DUNHILL ICON,8750,4375,2188,900,463,235,Designer
DUNHILL ICON HI,6000,3000,1500,625,325,170,Designer
DYLAN BLUE HH,5250,2625,1313,550,288,150,Designer
DYLAN BLUE HI,4250,2125,1063,450,238,125,Designer
EAU DE LACOSTE,6500,3250,1625,675,350,180,Designer
ECLAIRS,5500,2750,1375,575,300,155,Designer
ED HARDY,10500,5250,2625,1075,550,280,Designer
EDEN APPLE,8000,4000,2000,825,425,220,Designer
EDEN LYCHEE,9500,4750,2375,975,500,255,Designer
EHSAS AL ARABIA,18500,9250,4625,1875,950,480,Designer
ELIE SAAB LE PARFUM,6000,3000,1500,625,325,170,Designer
ELIXIR,5250,2625,1313,550,288,150,Designer
ENGLISH PEAR AND FREESIA,6500,3250,1625,675,350,180,Designer
ENTELUDE,9250,4625,2313,950,488,250,Designer
EPIC MEN,13250,6625,3313,1350,688,350,Designer
ERAM,6500,3250,1625,675,350,180,Designer
ERBA PURA HI,7250,3625,1813,750,388,200,Designer
EUPHORIA,6500,3250,1625,675,350,180,Designer
EXOTIC LEATHER,7500,3750,1875,775,400,205,Designer
F FABULOUS,9250,4625,2313,950,488,250,Designer
FAKHAR,9250,4625,2313,950,488,250,Designer
FANCY BOUQUET,5250,2625,1313,550,288,150,Designer
FANTASIA,7250,3625,1813,750,388,200,Designer
FARHAN,5250,2625,1313,550,288,150,Designer
FASLI GULAB,6500,3250,1625,675,350,180,Indian
FAWAKEH,5500,2750,1375,575,300,155,Designer
FERRARI BLACK,6250,3125,1563,650,338,175,Designer
FERRARI OUD NOIR,5750,2875,1438,600,313,160,Arabian
FERRARI RED,5250,2625,1313,550,288,150,Designer
FIRDAUS HI,4000,2000,1000,425,225,120,Designer
FITRAT,7500,3750,1875,775,400,205,Designer
FIZA,2750,1375,688,300,163,85,Designer
FLORA BOUQUET,5250,2625,1313,550,288,150,Designer
FRESH EVENINGS,8000,4000,2000,825,425,220,Designer
FROZEN ROSE,16000,8000,4000,1625,825,420,Indian
GIVENCHY BLUE,6500,3250,1625,675,350,180,Designer
GLACIER MIST,10500,5250,2625,1075,550,280,Designer
GOLDEN SAND,5250,2625,1313,550,288,150,Designer
GOOD GIRL,5250,2625,1313,550,288,150,Designer
GREEN AJMERI,11250,5625,2813,1150,588,300,Designer
GREEN AJMERI HI,8000,4000,2000,825,425,220,Designer
GREEN AJMERI STR,20000,10000,5000,2025,1025,520,Designer
GREEN IRISH,12000,6000,3000,1225,625,320,Designer
GREEN MUSK,16000,8000,4000,1625,825,420,Designer
GREENLEY,6500,3250,1625,675,350,180,Designer
GREENVICH VILLAGE,32000,16000,8000,3225,1625,820,Designer
GREY VERTIVERT,5750,2875,1438,600,313,160,Designer
GUCCI BAMBOO,7000,3500,1750,725,375,195,Designer
GUCCI BLOOM,12000,6000,3000,1225,625,320,Designer
GUCCI FLORA,6500,3250,1625,675,350,180,Designer
GUCCI GUILTY,5250,2625,1313,550,288,150,Designer
GUCCI GUILTY MEN,9250,4625,2313,950,488,250,Designer
GUCCI GUILTY W HR,9250,4625,2313,950,488,250,Designer
GUCCI INTENSE OUD,21250,10625,5313,2150,1088,550,Arabian
GUCCI INTENSE OUD NEW,10500,5250,2625,1075,550,280,Arabian
GUCCI OUD,8000,4000,2000,825,425,220,Arabian
GUCCI RUSH,7000,3500,1750,725,375,195,Designer
GULAB ROOH,5250,2625,1313,550,288,150,Indian
HACIVAT,8500,4250,2125,875,450,230,Designer
HAJRE ASWAD,6750,3375,1688,700,363,185,Designer
HATHKORA WOOD,32000,16000,8000,3225,1625,820,Designer
HAVOC,4500,2250,1125,475,250,130,Designer
HAWAS,8500,4250,2125,875,450,230,Designer
HAWAS FIRE,8000,4000,2000,825,425,220,Designer
HAWAS ICE HI,3500,1750,875,375,200,105,Designer
HAWAS ICE HL,8000,4000,2000,825,425,220,Designer
HERMES TERRE D'HARMES,6250,3125,1563,650,338,175,Designer
HINA 360,5250,2625,1313,550,288,150,Indian
HOMME INTENSE,8000,4000,2000,825,425,220,Designer
HONEY TOBACCO,8000,4000,2000,825,425,220,Designer
HUDSON VALLEY HH,10500,5250,2625,1075,550,280,Designer
HUDSON VALLEY HL,11250,5625,2813,1150,588,300,Designer
HUGO BOSS,6250,3125,1563,650,338,175,Designer
HUGO MEN,7000,3500,1750,725,375,195,Designer
ICEBERG,3750,1875,938,400,213,110,Designer
IDYELLE,12000,6000,3000,1225,625,320,Designer
IGNITE OUD HD,10500,5250,2625,1075,550,280,Arabian
IMAGINATION HH,9250,4625,2313,950,488,250,Designer
IMAGINATION HL,11250,5625,2813,1150,588,300,Designer
IMITATION,9250,4625,2313,950,488,250,Designer
IMPERIAL VALLEY HH,8000,4000,2000,825,425,220,Designer
IMPERIAL VALLEY HL,11250,5625,2813,1150,588,300,Designer
INFINITY,8000,4000,2000,825,425,220,Designer
INSTANT CRUSH,12000,6000,3000,1225,625,320,Designer
INTOXICATED HG,12000,6000,3000,1225,625,320,Designer
INVICTUS,4000,2000,1000,425,225,120,Designer
INVICTUS AQUA,4250,2125,1063,450,238,125,Designer
INVICTUS LEGEND,10500,5250,2625,1075,550,280,Designer
INVICTUS SF,5250,2625,1313,550,288,150,Designer
INVICTUS VICTORY ELIXIR,10500,5250,2625,1075,550,280,Designer
IRRESISTIBLE,6500,3250,1625,675,350,180,Designer
ISSEY MIYAKE,6000,3000,1500,625,325,170,Designer
ISSEY NUIT,9250,4625,2313,950,488,250,Designer
JADORE,5750,2875,1438,600,313,160,Designer
JAGUAR BLACK,5000,2500,1250,525,275,145,Designer
JANNATE ZUHOOR,13250,6625,3313,1350,688,350,Designer
JANNATUL FIRDAUS,6000,3000,1500,625,325,170,Designer
JANNATUL FIRDAUS S,8000,4000,2000,825,425,220,Designer
JANNATUL FIRDAUS SUPER,16000,8000,4000,1625,825,420,Designer
JASMINE ABSOLUTE,5000,2500,1250,525,275,145,Designer
JASMINE SF,1750,875,438,200,113,60,Designer
JAZEERA,12000,6000,3000,1225,625,320,Designer
JAZZ ROLL ON,6500,3250,1625,675,350,180,Designer
JUBILATION,12000,6000,3000,1225,625,320,Designer
JUHI,4000,2000,1000,425,225,120,Designer
KAAF,21250,10625,5313,2150,1088,550,Arabian
KAAF HD,9250,4625,2313,950,488,250,Arabian
KALIMAT,12000,6000,3000,1225,625,320,Designer
KALIMAT OUD,20000,10000,5000,2025,1025,520,Arabian
KASHMIRI GULAB,4500,2250,1125,475,250,130,Indian
KASHMIRI OUD SF,10500,5250,2625,1075,550,280,Arabian
KASHMIRI OUDH STR,16000,8000,4000,1625,825,420,Arabian
KASTURI MUSK,4750,2375,1188,500,263,135,Designer
KAYALI CITRUS,12000,6000,3000,1225,625,320,Designer
KHALIS MUSK,11500,5750,2875,1175,600,305,Designer
KHALLAB,24000,12000,6000,2425,1225,620,Designer
KHAMRAH,10500,5250,2625,1075,550,280,Designer
KHAMRAH HF,11500,5750,2875,1175,600,305,Designer
KHAMRAH HH,7250,3625,1813,750,388,200,Designer
KHAMRAH QAHWA,12000,6000,3000,1225,625,320,Designer
KHUS NATURAL,106500,53250,26625,10675,5350,2680,Indian
KHUS NO.2,86500,43250,21625,8675,4350,2180,Indian
KHUS SYN,46500,23250,11625,4675,2350,1180,Indian
KHUS SYN 2,10500,5250,2625,1075,550,280,Indian
KUFOOQ,13250,6625,3313,1350,688,350,Designer
KUWAITI OUD,24000,12000,6000,2425,1225,620,Arabian
KUWAITI OUD N,21250,10625,5313,2150,1088,550,Arabian
KUWAITI OUD STR,26500,13250,6625,2675,1350,680,Arabian
L HOMME IDEAL,13250,6625,3313,1350,688,350,Designer
LA PETITE ROBE NOIR,16000,8000,4000,1625,825,420,Designer
LABBAIK,5500,2750,1375,575,300,155,Designer
LACOSTE WHITE,4500,2250,1125,475,250,130,Designer
LACOSTE WHITE BLANC,8500,4250,2125,875,450,230,Designer
LACOSTE WHITE HI,5750,2875,1438,600,313,160,Designer
LACOSTE WHITE HI,4250,2125,1063,450,238,125,Designer
LADY MILLION,6500,3250,1625,675,350,180,Designer
LANCOME IDOL,8000,4000,2000,825,425,220,Designer
LAUDER PRECIOUS,10500,5250,2625,1075,550,280,Designer
LAVISH MUSK,10500,5250,2625,1075,550,280,Designer
LAYTON,8000,4000,2000,825,425,220,Designer
LAYTON EXCLUSIF,12000,6000,3000,1225,625,320,Designer
LE LABO SANTAL 33 HI,6500,3250,1625,675,350,180,Designer
LE LABO SANTAL33,20000,10000,5000,2025,1025,520,Designer
LE MALE ELIXIR,8000,4000,2000,825,425,220,Designer
LE MALE ELIXIR HI,4750,2375,1188,500,263,135,Designer
LILY OF THE VALLEY,7250,3625,1813,750,388,200,Designer
LIME BASIL MANDARIN,6500,3250,1625,675,350,180,Designer
LIRA CASAMORATI,10500,5250,2625,1075,550,280,Designer
LOMANI BLUE,5500,2750,1375,575,300,155,Designer
LOST CHERRY,6250,3125,1563,650,338,175,Designer
LOST CHERRY,5750,2875,1438,600,313,160,Designer
LOTUS,3500,1750,875,375,200,105,Designer
LOVELY HI,3000,1500,750,325,175,95,Designer
LOVELY STRONG,4250,2125,1063,450,238,125,Designer
LOVESPELL,4500,2250,1125,475,250,130,Designer
MADAWI,11250,5625,2813,1150,588,300,Designer
MADINA,5500,2750,1375,575,300,155,Designer
MAFAAZ,8000,4000,2000,825,425,220,Designer
MAGNET,5250,2625,1313,550,288,150,Designer
MAHIR GOLD,13000,6500,3250,1325,675,345,Designer
MAJESTIC OUD,10500,5250,2625,1075,550,280,Arabian
MAJMUA HG,18500,9250,4625,1875,950,480,Indian
MAJMUA HH,16000,8000,4000,1625,825,420,Indian
MALIK AL ARAB,16000,8000,4000,1625,825,420,Designer
MALIK OUD,35000,17500,8750,3525,1775,895,Arabian
MANNAT,16000,8000,4000,1625,825,420,Designer
MARJ HD,16000,8000,4000,1625,825,420,Designer
MARJ HE,29250,14625,7313,2950,1488,750,Designer
MARJ HH,10500,5250,2625,1075,550,280,Designer
MASTERPIECE,53250,26625,13313,5350,2688,1350,Designer
MEGAMARE HI,6500,3250,1625,675,350,180,Designer
MI 2,8000,4000,2000,825,425,220,Designer
MILLION DOLLAR,6500,3250,1625,675,350,180,Designer
MISS BLOOMING BOUQUET,6500,3250,1625,675,350,180,Designer
MIXFRUIT,5000,2500,1250,525,275,145,Designer
MIZYAN,12000,6000,3000,1225,625,320,Designer
MIZYAN HM,17250,8625,4313,1750,888,450,Designer
MIZYAN SUPER,16000,8000,4000,1625,825,420,Designer
MOGRA33,2000,1000,500,225,125,70,Designer
MONTBLANC LEGEND,4000,2000,1000,425,225,120,Designer
MONTBLANC LEGEND STR,6500,3250,1625,675,350,180,Designer
MOON SPARKLE,3500,1750,875,375,200,105,Designer
MUKAMMAL,16000,8000,4000,1625,825,420,Designer
MUKHALLAT AL-BADAR,32000,16000,8000,3225,1625,820,Designer
MUKHALLAT AL-HARAM,40000,20000,10000,4025,2025,1020,Designer
MUKHALLAT ASJAD,5250,2625,1313,550,288,150,Designer
MUKHALLAT BADAR,8000,4000,2000,825,425,220,Designer
MUKHALLAT BILAL,10500,5250,2625,1075,550,280,Designer
MUKHALLAT CRYSTAL,80000,40000,20000,8025,4025,2020,Designer
MUKHALLAT DUBAI,23250,11625,5813,2350,1188,600,Designer
MUKHALLAT EMIRATES,10500,5250,2625,1075,550,280,Designer
MUKHALLAT KUWAITI,21250,10625,5313,2150,1088,550,Designer
MUKHALLAT MALIKI,18500,9250,4625,1875,950,480,Designer
MUKHALLAT RAYYAN,6500,3250,1625,675,350,180,Designer
MUKHALLAT SHALIMAR,8000,4000,2000,825,425,220,Designer
MUKHALLAT TAZKAR,4500,2250,1125,475,250,130,Designer
MUKHALLAT TAZKAR SP,12000,6000,3000,1225,625,320,Designer
MUKHALLAT WHITE,5500,2750,1375,575,300,155,Designer
MUSK AOUD,5750,2875,1438,600,313,160,Arabian
MUSK DIVINE,4250,2125,1063,450,238,125,Designer
MUSK MADINA,29250,14625,7313,2950,1488,750,Ajmal
MUSK RIJALI,10750,5375,2688,1100,563,285,Designer
MUSK RIJALI HH,8000,4000,2000,825,425,220,Designer
MUSK RIJALI SAUDI,29250,14625,7313,2950,1488,750,Designer
MUSK RIJALI STR,16000,8000,4000,1625,825,420,Designer
MUSK RIJALI STRONG,21250,10625,5313,2150,1088,550,Designer
MUSK ROSE,6500,3250,1625,675,350,180,Indian
MUSK SAFI,19250,9625,4813,1950,988,500,Designer
MUSK SAFI SUPER,29250,14625,7313,2950,1488,750,Designer
MUSK SAPPHAIRE,20000,10000,5000,2025,1025,520,Designer
MUSK SAPPHIRE HH,10500,5250,2625,1075,550,280,Designer
MUSK TAHRA,10500,5250,2625,1075,550,280,Designer
MY WAY,6750,3375,1688,700,363,185,Designer
MY WAY HI,5750,2875,1438,600,313,160,Designer
MYSTERIC TOBACCO,23250,11625,5813,2350,1188,600,Designer
NAJDIA,7250,3625,1813,750,388,200,Designer
NARCISO RODRIGUEZ FLEUR MUSC,8000,4000,2000,825,425,220,Designer
NARCISO RODRIGUEZ FOR HER,6500,3250,1625,675,350,180,Designer
NAUTICA VOYAGE,3500,1750,875,375,200,105,Designer
NAXOS,9250,4625,2313,950,488,250,Designer
NEROLI PORTOFINO,7000,3500,1750,725,375,195,Designer
NOBLE MUSK,29250,14625,7313,2950,1488,750,Designer
NOOR,3500,1750,875,375,200,105,Designer
OMBRE LEATHER,11250,5625,2813,1150,588,300,Designer
OMBRE LEATHER HI,6000,3000,1500,625,325,170,Designer
OMBRE LEATHER S,18500,9250,4625,1875,950,480,Designer
OMBRE NOMADE,21250,10625,5313,2150,1088,550,Designer
OMBRE NOMADE HI,8000,4000,2000,825,425,220,Designer
ONE AND ONLY,16000,8000,4000,1625,825,420,Designer
OUD 400 (SYN),12500,6250,3125,1275,650,330,Arabian
OUD AFGANO,26500,13250,6625,2675,1350,680,Arabian
OUD AL HARAM,16000,8000,4000,1625,825,420,Arabian
OUD AL HASHMI,8750,4375,2188,900,463,235,Arabian
OUD AL RAFA,12000,6000,3000,1225,625,320,Arabian
OUD ALINA,53250,26625,13313,5350,2688,1350,Arabian
OUD AND ROSES,24000,12000,6000,2425,1225,620,Indian
OUD AND ROSES HH,12000,6000,3000,1225,625,320,Indian
OUD ARABIA,9250,4625,2313,950,488,250,Arabian
OUD ASJAD,24000,12000,6000,2425,1225,620,Arabian
OUD ASSAMI #6,8000,4000,2000,825,425,220,Arabian
OUD ASSAMI #8,10500,5250,2625,1075,550,280,Arabian
OUD BOMBAY,16000,8000,4000,1625,825,420,Arabian
OUD CIGAR,7500,3750,1875,775,400,205,Arabian
OUD COMBODI (SYN),21250,10625,5313,2150,1088,550,Arabian
OUD COMBODI PREMIUM,53250,26625,13313,5350,2688,1350,Arabian
OUD FOR GLORY,12000,6000,3000,1225,625,320,Arabian
OUD FOR GREATNESS,46500,23250,11625,4675,2350,1180,Arabian
OUD FOR GREATNESS L,16000,8000,4000,1625,825,420,Arabian
OUD GOLD,8250,4125,2063,850,438,225,Arabian
OUD HINDI (SYN),16000,8000,4000,1625,825,420,Arabian
OUD HINDI STRONG,26500,13250,6625,2675,1350,680,Arabian
OUD ISHFAN,12000,6000,3000,1225,625,320,Arabian
OUD KASAK,29250,14625,7313,2950,1488,750,Arabian
OUD LAVENDER,16000,8000,4000,1625,825,420,Arabian
OUD MADINA,12000,6000,3000,1225,625,320,Arabian
OUD MALIKI,18500,9250,4625,1875,950,480,Arabian
OUD MARACUJA,6500,3250,1625,675,350,180,Arabian
OUD MOHTARAM,16000,8000,4000,1625,825,420,Arabian
OUD MOOD,8000,4000,2000,825,425,220,Arabian
OUD MUSK NEW,16000,8000,4000,1625,825,420,Arabian
OUD OIL PURE 1,1866500,933250,466625,186675,93350,46680,Arabian
OUD OIL PURE 2,1333250,666625,333313,133350,66688,33350,Arabian
OUD OIL PURE 3,1066500,533250,266625,106675,53350,26680,Arabian
OUD PALAO,20000,10000,5000,2025,1025,520,Arabian
OUD RIJALI,32000,16000,8000,3225,1625,820,Arabian
OUD TARAT,106500,53250,26625,10675,5350,2680,Arabian
OUD THAMEEN,16000,8000,4000,1625,825,420,Arabian
OUD WOOD,7500,3750,1875,775,400,205,Arabian
OUDH WOOD HH,7250,3625,1813,750,388,200,Arabian
PACIFIC CHILL HH,9250,4625,2313,950,488,250,Designer
PASHA DE CARTIER,18500,9250,4625,1875,950,480,Designer
PASHA DE CARTIER HI,10000,5000,2500,1025,525,270,Designer
PATEL NECK BLACK,13250,6625,3313,1350,688,350,Designer
PENHALIGONS HALFETI,9250,4625,2313,950,488,250,Designer
PENHALIGONS HALFETI HI,6500,3250,1625,675,350,180,Designer
PENHALIGONS HALFETI LEATHER HI,20000,10000,5000,2025,1025,520,Designer
PEONY BLUSH,3500,1750,875,375,200,105,Designer
PHANTOM,8000,4000,2000,825,425,220,Designer
PHILOSYKOS FPL,6250,3125,1563,650,338,175,Designer
PINK AMBER,9250,4625,2313,950,488,250,Arabian
PINK OUD,16000,8000,4000,1625,825,420,Arabian
PINK ROSE,7250,3625,1813,750,388,200,Indian
PINK SHIFFON,8000,4000,2000,825,425,220,Designer
PINK SUGAR,4250,2125,1063,450,238,125,Designer
PINK WARM & COZY,5750,2875,1438,600,313,160,Designer
POEM,5500,2750,1375,575,300,155,Designer
POISON,3000,1500,750,325,175,95,Designer
POLO BLUE,5250,2625,1313,550,288,150,Designer
POLO SPORT,4500,2250,1125,475,250,130,Designer
POMEGRANATE NOIR,6500,3250,1625,675,350,180,Designer
PONDS,2500,1250,625,275,150,80,Designer
PRADA LUNA ROSSA,20000,10000,5000,2025,1025,520,Designer
PRADA PARADOX,8000,4000,2000,825,425,220,Designer
PUBERTY,18500,9250,4625,1875,950,480,Designer
PUBERTY STR,40000,20000,10000,4025,2025,1020,Designer
PURPLE OUD,16000,8000,4000,1625,825,420,Arabian
PURPLE OUD HH,8000,4000,2000,825,425,220,Arabian
PURPLE OUD HI,6500,3250,1625,675,350,180,Arabian
PURPLE OUD NEW,12000,6000,3000,1225,625,320,Arabian
QAEED AL FURSAN,7250,3625,1813,750,388,200,Designer
QUEEN OF SILK,8000,4000,2000,825,425,220,Designer
RAIHAT AL QATAR,26500,13250,6625,2675,1350,680,Designer
RAJNIGANDHA,5250,2625,1313,550,288,150,Designer
RAMZ,8000,4000,2000,825,425,220,Designer
RAMZ BROWN,8750,4375,2188,900,463,235,Designer
RASASI SECRET,8250,4125,2063,850,438,225,Designer
RASHIKA,4750,2375,1188,500,263,135,Designer
RAT RANI,3250,1625,813,350,188,100,Designer
RAWDHA,13250,6625,3313,1350,688,350,Designer
REAL ROSE HM,6500,3250,1625,675,350,180,Indian
RED TOBACCO,7500,3750,1875,775,400,205,Designer
ROBERTO CAVALLI WOMEN,9250,4625,2313,950,488,250,Designer
ROGER & GALLET OPEN,4500,2250,1125,475,250,130,Designer
ROJA AMBER OUD,24000,12000,6000,2425,1225,620,Arabian
ROJA ELISIUM,13250,6625,3313,1350,688,350,Designer
ROJA ELISIUM HG,10500,5250,2625,1075,550,280,Designer
ROJA ELISIUM HL,12000,6000,3000,1225,625,320,Designer
ROJA ELYSIUM HI,5000,2500,1250,525,275,145,Designer
ROMANCE,4000,2000,1000,425,225,120,Designer
ROSE (GULAB) 7001,4000,2000,1000,425,225,120,Indian
ROSE 729,3250,1625,813,350,188,100,Indian
ROSE OUD,11500,5750,2875,1175,600,305,Indian
ROSE PRICK,12000,6000,3000,1225,625,320,Indian
ROYAL BLACK,5500,2750,1375,575,300,155,Designer
ROYAL BLUE,4000,2000,1000,425,225,120,Designer
ROYAL MIRAGE,5750,2875,1438,600,313,160,Designer
ROYAL OUD,16000,8000,4000,1625,825,420,Arabian
ROYAL PINK,8000,4000,2000,825,425,220,Designer
ROYAL PROPHECY,5250,2625,1313,550,288,150,Designer
ROYAL ROSE,13250,6625,3313,1350,688,350,Indian
SABAYA,5000,2500,1250,525,275,145,Designer
SACRED LOVE,13250,6625,3313,1350,688,350,Designer
SADAF,3250,1625,813,350,188,100,Designer
SAFARI EXTREME,18500,9250,4625,1875,950,480,Designer
SALMA,3000,1500,750,325,175,95,Designer
SALVATORE FERRAGAMO,13250,6625,3313,1350,688,350,Designer
SALWA,6250,3125,1563,650,338,175,Designer
SANDAL AF,16000,8000,4000,1625,825,420,Designer
SANDAL BM,10500,5250,2625,1075,550,280,Designer
SANDAL FAIZA,26500,13250,6625,2675,1350,680,Designer
SANDAL FRAGO,11250,5625,2813,1150,588,300,Designer
SANDAL KB,13250,6625,3313,1350,688,350,Designer
SANDAL ROSE,8000,4000,2000,825,425,220,Indian
SANDAL9222,6750,3375,1688,700,363,185,Designer
SANDALYA,10000,5000,2500,1025,525,270,Designer
SAUVAGE ALLURE,9250,4625,2313,950,488,250,Designer
SAUVAGE ELIXIR,29250,14625,7313,2950,1488,750,Designer
SAUVAGE SUPER,8000,4000,2000,825,425,220,Designer
SCANDLE,7250,3625,1813,750,388,200,Designer
SCARLETT POPPY INTENSE,16000,8000,4000,1625,825,420,Designer
SECRET MUSK,10500,5250,2625,1075,550,280,Designer
SHADHA,5500,2750,1375,575,300,155,Designer
SHADOW HI,5750,2875,1438,600,313,160,Designer
SHAHI GULAB,8000,4000,2000,825,425,220,Indian
SHAMAMA 12,20000,10000,5000,2025,1025,520,Indian
SHAMAMA AARFEEN,160000,80000,40000,16025,8025,4020,Indian
SHAMAMA MOHTARAM,113250,56625,28313,11350,5688,2850,Indian
SHAMAMA SYNTHETIC,9250,4625,2313,950,488,250,Indian
SHANAYA,10500,5250,2625,1075,550,280,Designer
SHANAYA GOLD,16000,8000,4000,1625,825,420,Designer
SHANAYA HG,12000,6000,3000,1225,625,320,Designer
SHANAYA HI,7250,3625,1813,750,388,200,Designer
SHANAYA HN,5250,2625,1313,550,288,150,Designer
SHAY OUD,10000,5000,2500,1025,525,270,Arabian
SIGNATURE,4500,2250,1125,475,250,130,Designer
SILK MUSK,32000,16000,8000,3225,1625,820,Designer
SILKY OUD,8000,4000,2000,825,425,220,Arabian
SILVER,5750,2875,1438,600,313,160,Designer
SILVER SHADOW,6500,3250,1625,675,350,180,Designer
SMOKING HOT,12000,6000,3000,1225,625,320,Designer
SOFT,4750,2375,1188,500,263,135,Designer
SOFT HI,3000,1500,750,325,175,95,Designer
SPICE BOMB,5250,2625,1313,550,288,150,Designer
SPIRIT OF DUBAI IGNITION,9250,4625,2313,950,488,250,Designer
SRF RAEES,6500,3250,1625,675,350,180,Designer
GOD OF FIRE,12000,6000,3000,1225,625,320,Designer
STRONGER WITH YOU HI,6000,3000,1500,625,325,170,Designer
SULTAN,9250,4625,2313,950,488,250,Designer
SULTAN HM,16000,8000,4000,1625,825,420,Designer
SULTAN STRONG,12000,6000,3000,1225,625,320,Designer
SWEET SANDAL,6500,3250,1625,675,350,180,Designer
SWISS OUD,21250,10625,5313,2150,1088,550,Arabian
TAJ SUNSET,5750,2875,1438,600,313,160,Designer
TAM DAO,8750,4375,2188,900,463,235,Designer
TEMPEST,16000,8000,4000,1625,825,420,Designer
TITAN OUD,13250,6625,3313,1350,688,350,Arabian
TITAN SKINN AMALFI BLUE,4750,2375,1188,500,263,135,Designer
TITAN SKINN HG,8750,4375,2188,900,463,235,Designer
TITAN SKINN HH,6000,3000,1500,625,325,170,Designer
TITAN SKINN NUDE,6500,3250,1625,675,350,180,Designer
TITAN SKINN RAW,10500,5250,2625,1075,550,280,Designer
TOBACCO OUD (HI),6000,3000,1500,625,325,170,Arabian
TOBACCO OUD INTENSE HI,6750,3375,1688,700,363,185,Arabian
TOBACCO VANILLA,3500,1750,875,375,200,105,Designer
TOM FORD NOIR,10000,5000,2500,1025,525,270,Designer
TOMMY HILFIGER GIRL,4750,2375,1188,500,263,135,Designer
TUSCAN LEATHER,4750,2375,1188,500,263,135,Designer
TUSCAN LEATHER HH,7250,3625,1813,750,388,200,Designer
TUSKISH OUD,8000,4000,2000,825,425,220,Arabian
ULTRA MALE,5250,2625,1313,550,288,150,Designer
URBAN HERO,7250,3625,1813,750,388,200,Designer
VALENTINO BORN IN ROMA UOMO,10000,5000,2500,1025,525,270,Designer
VAMPIRE BLOOD,18500,9250,4625,1875,950,480,Designer
VAMPIRE BLOOD HH,9250,4625,2313,950,488,250,Designer
VANILLA 28,6500,3250,1625,675,350,180,Designer
VANILLA AND ANISE,8000,4000,2000,825,425,220,Designer
VANILLA ROSE SUGAR,8000,4000,2000,825,425,220,Indian
VANILLA SEX,5250,2625,1313,550,288,150,Designer
VELVET ORCHID,7000,3500,1750,725,375,195,Designer
VELVET OUD,13250,6625,3313,1350,688,350,Arabian
VERSACE EROS FEMALE,10000,5000,2500,1025,525,270,Designer
VERSACE EROS HOMME,6500,3250,1625,675,350,180,Designer
VIKING,9250,4625,2313,950,488,250,Designer
VIRGIN,8000,4000,2000,825,425,220,Designer
WHITE LONDON,5250,2625,1313,550,288,150,Designer
WHITE MUSK ARABIAN,5250,2625,1313,550,288,150,Designer
WHITE OUD AL NUAIM,6000,3000,1500,625,325,170,Arabian
WHITE OUD SF,5000,2500,1250,525,275,145,Arabian
WHITE OUD STRONG,9250,4625,2313,950,488,250,Arabian
WHITE OUD SUPER,13250,6625,3313,1350,688,350,Arabian
WHITE PATCHOLI,13250,6625,3313,1350,688,350,Designer
WHITE TULIP AND BARLEY,11500,5750,2875,1175,600,305,Designer
WILD BLUEBELL,8000,4000,2000,825,425,220,Designer
WILD FIG AND CASSIS,9250,4625,2313,950,488,250,Designer
WILD LEATHER,16000,8000,4000,1625,825,420,Designer
WILD STONE CHIEF,6500,3250,1625,675,350,180,Designer
WILDSTONE COPPER,8750,4375,2188,900,463,235,Designer
WILDSTONE COPPER S,13250,6625,3313,1350,688,350,Designer
WILDSTONE RED,5500,2750,1375,575,300,155,Designer
WILLOW AND AMBER,6500,3250,1625,675,350,180,Arabian
WISAL DAHAB,6500,3250,1625,675,350,180,Designer
WISAL MH,10750,5375,2688,1100,563,285,Designer
WOOD SAGE AND SEA SALT,9250,4625,2313,950,488,250,Designer
YAARA,10500,5250,2625,1075,550,280,Designer
YAARA CANDY,5250,2625,1313,550,288,150,Designer
YAARA PINK,6500,3250,1625,675,350,180,Designer
YAARA YELLOW,9250,4625,2313,950,488,250,Designer
YSL BABY CAT,6500,3250,1625,675,350,180,Designer
YSL BLACK OPIUM,4500,2250,1125,475,250,130,Designer
YSL LIBRE,6500,3250,1625,675,350,180,Designer
YSL LIBRE INTENSE,9250,4625,2313,950,488,250,Designer
YSL M7 OUD,6500,3250,1625,675,350,180,Arabian
YSL MON PARIS,5250,2625,1313,550,288,150,Designer
YSL SILVER KOURUS,6500,3250,1625,675,350,180,Designer
YSL TUXEDO,9250,4625,2313,950,488,250,Designer
YSL Y,6500,3250,1625,675,350,180,Designer
YUM PISTACHIO,9250,4625,2313,950,488,250,Designer
YUM PISTACHIO GELATO HI,8000,4000,2000,825,425,220,Designer
ZAFRAN B,6750,3375,1688,700,363,185,Designer
ZAMZAM,5250,2625,1313,550,288,150,Designer
ZANZIBAR,8000,4000,2000,825,425,220,Designer
ZARA 7,8000,4000,2000,825,425,220,Designer
ZARA 8,8000,4000,2000,825,425,220,Designer
ZARA AMBER HH,12000,6000,3000,1225,625,320,Arabian
ZARA BLACK,8000,4000,2000,825,425,220,Designer
ZARA GOLD,6000,3000,1500,625,325,170,Designer
ZARA GOLD HH,5250,2625,1313,550,288,150,Designer
ZARA LISBIOA,5250,2625,1313,550,288,150,Designer
ZARA NIGHT POUR HOMME,8000,4000,2000,825,425,220,Designer
ZARA VIBRANT LEATHER,10500,5250,2625,1075,550,280,Designer
ZIDANE,6000,3000,1500,625,325,170,Designer
ZUBEDA 8,10500,5250,2625,1075,550,280,Designer
ZUBEDA 9,12000,6000,3000,1225,625,320,Designer
ZX BLACK,8000,4000,2000,825,425,220,Designer
